,City,Country,Date,Lat,Lng,Max Temp,Humidity,Cloudiness,Wind Speed
0,Hilo,US,2021-07-26 02:27:58,19.7297,-155.09,75.61,94,90,8.05
1,Punta Arenas,CL,2021-07-26 02:24:20,-53.15,-70.9167,33.91,93,0,12.66
2,Bengkulu,ID,2021-07-26 02:23:08,-3.8004,102.2655,81.16,63,0,2.51
3,Port Hardy,CA,2021-07-26 02:27:59,50.6996,-127.4199,62.78,82,75,2.3
4,Bandarbeyla,SO,2021-07-26 02:27:59,9.4942,50.8122,76.57,79,80,23.89
5,Chanasma,IN,2021-07-26 02:28:00,23.7167,72.1167,79.25,90,100,15.05
6,Lujan,AR,2021-07-26 02:28:00,-34.5703,-59.105,55.15,96,0,7.23
7,Bambous Virieux,MU,2021-07-26 02:28:00,-20.3428,57.7575,70.05,64,20,9.22
8,Albany,US,2021-07-26 02:23:22,42.6001,-73.9662,72.39,94,0,4.09
9,Manaure,CO,2021-07-26 02:28:01,11.7751,-72.4445,79.3,86,100,7.02
10,Bathsheba,BB,2021-07-26 02:24:09,13.2167,-59.5167,77.61,94,75,3.44
11,Jamestown,US,2021-07-26 02:26:49,42.097,-79.2353,71.24,83,1,3.29
12,Ushuaia,AR,2021-07-26 02:28:01,-54.8,-68.3,33.46,80,20,4.61
13,Kahului,US,2021-07-26 02:28:02,20.8947,-156.47,84.97,80,40,26.46
14,Benguela,AO,2021-07-26 02:25:14,-12.5763,13.4055,68.68,78,4,3.47
15,Mar Del Plata,AR,2021-07-26 02:23:18,-38.0023,-57.5575,47.12,60,0,5.99
16,Samarai,PG,2021-07-26 02:28:02,-10.6167,150.6667,79.68,74,94,16.2
17,Vallenar,CL,2021-07-26 02:28:03,-28.5708,-70.7581,53.38,58,0,2.24
18,Kruisfontein,ZA,2021-07-26 02:28:03,-34.0033,24.7314,57.88,34,100,11.59
19,Gayny,RU,2021-07-26 02:28:03,60.3071,54.3241,53.51,70,100,5.93
20,Slave Lake,CA,2021-07-26 02:28:04,55.2834,-114.769,67.98,64,20,4.61
21,Vila Franca Do Campo,PT,2021-07-26 02:28:04,37.7167,-25.4333,68.41,86,57,7.52
22,Tsiroanomandidy,MG,2021-07-26 02:28:04,-18.7667,46.0333,59.16,65,65,2.17
23,Rikitea,PF,2021-07-26 02:24:11,-23.1203,-134.9692,71.51,73,22,6.02
24,Vaini,TO,2021-07-26 02:28:05,-21.2,-175.2,80.76,83,20,9.22
25,Sao Joao Da Barra,BR,2021-07-26 02:24:33,-21.6403,-41.0511,69.66,75,0,14.32
26,Faanui,PF,2021-07-26 02:28:05,-16.4833,-151.75,78.06,67,48,8.75
27,Puerto Ayora,EC,2021-07-26 02:28:06,-0.7393,-90.3518,71.55,89,3,5.99
28,Villa De Reyes,MX,2021-07-26 02:28:06,21.8,-100.9333,71.87,75,4,10.94
29,Klaksvik,FO,2021-07-26 02:28:06,62.2266,-6.589,50.92,95,100,8.9
30,Port Alfred,ZA,2021-07-26 02:28:07,-33.5906,26.891,59.74,31,43,11.9
31,Sal Rei,CV,2021-07-26 02:28:07,16.1833,-22.9167,75.76,82,49,11.1
32,Severo-Kurilsk,RU,2021-07-26 02:28:07,50.6789,156.125,59.34,88,74,3.49
33,Abha,SA,2021-07-26 02:23:32,18.2164,42.5053,64.22,94,0,0.0
34,Waitati,NZ,2021-07-26 02:28:08,-45.75,170.5667,51.8,71,100,7.58
35,Amlagora,IN,2021-07-26 02:28:08,22.8333,87.3333,85.93,70,100,10.13
36,Labuan,MY,2021-07-26 02:28:09,5.2767,115.2417,88.16,74,20,2.3
37,Butaritari,KI,2021-07-26 02:28:09,3.0707,172.7902,78.96,87,99,15.84
38,Saint-Louis,SN,2021-07-26 02:28:09,16.3333,-15.0,80.62,65,3,14.58
39,Pevek,RU,2021-07-26 02:28:10,69.7008,170.3133,35.94,88,79,10.11
40,Cherskiy,RU,2021-07-26 02:28:10,68.75,161.3,54.93,46,0,13.35
41,Sao Filipe,CV,2021-07-26 02:28:10,14.8961,-24.4956,73.71,77,74,6.04
42,Jinchang,CN,2021-07-26 02:28:11,38.4953,102.1739,76.69,37,100,14.54
43,Torbay,CA,2021-07-26 02:24:37,47.6666,-52.7314,55.76,94,90,8.05
44,Cidreira,BR,2021-07-26 02:28:11,-30.1811,-50.2056,67.53,70,83,5.39
45,Mataura,NZ,2021-07-26 02:24:08,-46.1927,168.8643,49.48,88,100,1.57
46,Saint-Philippe,RE,2021-07-26 02:28:12,-21.3585,55.7679,67.55,70,58,11.5
47,Rincon,US,2021-07-26 02:24:49,32.296,-81.2354,81.86,86,20,5.75
48,Yellowknife,CA,2021-07-26 02:28:12,62.456,-114.3525,59.52,47,20,1.99
49,Hermanus,ZA,2021-07-26 02:28:12,-34.4187,19.2345,52.81,51,100,9.51
50,Carnarvon,AU,2021-07-26 02:28:13,-24.8667,113.6333,64.47,61,75,8.05
51,Dunedin,NZ,2021-07-26 02:24:01,-45.8742,170.5036,51.8,71,100,17.0
52,Half Moon Bay,US,2021-07-26 02:28:13,37.4636,-122.4286,83.52,71,20,1.01
53,Abdanan,IR,2021-07-26 02:28:14,32.9926,47.4198,87.49,20,35,8.99
54,Kapaa,US,2021-07-26 02:24:18,22.0752,-159.319,87.78,79,20,3.0
55,Tasiilaq,GL,2021-07-26 02:28:14,65.6145,-37.6368,41.16,84,27,4.5
56,Pandhana,IN,2021-07-26 02:28:14,21.7,76.2167,75.52,88,100,13.09
57,Bluff,NZ,2021-07-26 02:24:20,-46.6,168.3333,49.8,84,100,1.52
58,Terme,TR,2021-07-26 02:28:15,41.2092,36.9739,75.13,85,94,8.16
59,Visnes,NO,2021-07-26 02:28:15,59.3556,5.2242,67.57,77,75,6.91
60,Atuona,PF,2021-07-26 02:23:18,-9.8,-139.0333,78.28,71,6,24.85
61,Busselton,AU,2021-07-26 02:28:16,-33.65,115.3333,65.05,71,1,25.17
62,Touros,BR,2021-07-26 02:28:16,-5.1989,-35.4608,74.3,89,0,9.78
63,Buxtehude,DE,2021-07-26 02:28:16,53.45,9.7,64.17,90,75,3.44
64,Ibra,OM,2021-07-26 02:28:17,22.6906,58.5334,85.84,52,88,5.21
65,Barrow,US,2021-07-26 02:23:43,71.2906,-156.7887,39.22,95,90,17.27
66,Svetlaya,RU,2021-07-26 02:28:17,46.5389,138.3297,76.78,76,87,10.98
67,Bethel,US,2021-07-26 02:28:18,41.3712,-73.414,75.04,91,0,2.46
68,Saint George,US,2021-07-26 02:27:08,37.1041,-113.5841,83.35,60,1,1.01
69,Parrita,CR,2021-07-26 02:28:18,9.5201,-84.3225,81.52,90,100,7.65
70,College,US,2021-07-26 02:28:18,64.8569,-147.8028,71.26,54,75,3.44
71,Asadabad,IR,2021-07-26 02:28:19,34.7824,48.1185,77.72,19,5,6.2
72,Port Hedland,AU,2021-07-26 02:28:19,-20.3167,118.5667,78.85,22,83,10.36
73,Mount Gambier,AU,2021-07-26 02:28:19,-37.8333,140.7667,58.91,82,75,20.71
74,Dikson,RU,2021-07-26 02:28:20,73.5069,80.5464,44.71,72,37,7.67
75,Yulara,AU,2021-07-26 02:28:20,-25.2406,130.9889,69.64,21,0,8.05
76,Talnakh,RU,2021-07-26 02:28:20,69.4865,88.3972,59.67,89,99,3.47
77,Norman Wells,CA,2021-07-26 02:24:20,65.282,-126.8329,68.04,64,75,14.97
78,Qaanaaq,GL,2021-07-26 02:28:21,77.484,-69.3632,38.91,69,100,1.36
79,Tiksi,RU,2021-07-26 02:28:21,71.6872,128.8694,56.1,79,83,8.88
80,Port-Gentil,GA,2021-07-26 02:28:22,-0.7193,8.7815,75.33,81,100,7.52
81,Kavieng,PG,2021-07-26 02:28:22,-2.5744,150.7967,83.79,68,30,4.25
82,Batagay-Alyta,RU,2021-07-26 02:28:22,67.8006,130.4114,60.67,73,100,2.39
83,Severnyy,RU,2021-07-26 02:28:23,50.677,36.5532,59.04,72,0,4.47
84,Bredasdorp,ZA,2021-07-26 02:28:23,-34.5322,20.0403,52.92,54,100,5.75
85,Gambela,ET,2021-07-26 02:28:23,8.25,34.5833,68.05,94,100,0.83
86,Tukrah,LY,2021-07-26 02:28:24,32.5341,20.5791,77.77,71,0,9.91
87,Georgetown,MY,2021-07-26 02:24:50,5.4112,100.3354,87.73,79,20,1.99
88,North Bend,US,2021-07-26 02:28:24,43.4065,-124.2243,73.24,83,90,27.63
89,Samana,DO,2021-07-26 02:28:25,19.2056,-69.3369,77.61,87,24,5.23
90,Kemise,ET,2021-07-26 02:28:25,10.7167,39.8667,67.26,80,99,4.34
91,Mahebourg,MU,2021-07-26 02:23:47,-20.4081,57.7,70.09,64,20,9.22
92,Nikolskoye,RU,2021-07-26 02:28:25,59.7035,30.7861,63.81,62,89,4.34
93,Port Elizabeth,ZA,2021-07-26 02:23:54,-33.918,25.5701,60.1,37,99,10.71
94,Cayenne,GF,2021-07-26 02:28:26,4.9333,-52.3333,77.09,91,90,0.0
95,Rosetta,EG,2021-07-26 02:28:26,31.4044,30.4164,76.82,76,0,7.9
96,Alofi,NU,2021-07-26 02:28:26,-19.0595,-169.9187,82.29,65,7,5.75
97,Srednekolymsk,RU,2021-07-26 02:24:33,67.45,153.6833,57.38,39,63,15.37
98,Kodiak,US,2021-07-26 02:28:27,57.79,-152.4072,56.71,72,1,9.22
99,Cape Town,ZA,2021-07-26 02:27:18,-33.9258,18.4232,57.61,15,0,6.91
100,Chokurdakh,RU,2021-07-26 02:28:27,70.6333,147.9167,54.23,43,39,8.72
101,Saskylakh,RU,2021-07-26 02:28:28,71.9167,114.0833,59.65,56,89,16.37
102,Dingle,PH,2021-07-26 02:28:28,10.9995,122.6711,86.67,67,95,15.97
103,Fairbanks,US,2021-07-26 02:27:40,64.8378,-147.7164,70.14,54,90,8.05
104,Tungor,RU,2021-07-26 02:28:29,53.3808,142.9564,80.37,63,100,9.8
105,Lufilufi,WS,2021-07-26 02:28:29,-13.8745,-171.5986,87.58,75,12,12.8
106,Genhe,CN,2021-07-26 02:28:29,50.7833,121.5167,71.78,51,12,4.76
107,Rocha,UY,2021-07-26 02:28:30,-34.4833,-54.3333,57.06,94,86,9.6
108,Richards Bay,ZA,2021-07-26 02:28:30,-28.783,32.0377,54.68,86,0,6.96
109,Khatanga,RU,2021-07-26 02:28:30,71.9667,102.5,59.74,59,70,1.99
110,Ixtapa,MX,2021-07-26 02:28:31,20.7,-105.2,85.23,79,75,0.0
111,Sola,VU,2021-07-26 02:24:27,-13.8833,167.55,80.33,78,18,10.76
112,Naze,JP,2021-07-26 02:28:31,28.3667,129.4833,83.32,90,100,17.16
113,Altay,CN,2021-07-26 02:24:39,47.8667,88.1167,75.94,42,54,4.29
114,Lebu,CL,2021-07-26 02:28:32,-37.6167,-73.65,48.42,82,26,17.6
115,Moron,AR,2021-07-26 02:28:32,-34.6534,-58.6198,55.15,95,0,1.99
116,Airai,TL,2021-07-26 02:28:33,-8.9266,125.4092,74.84,26,83,3.38
117,Castro,BR,2021-07-26 02:24:20,-24.7911,-50.0119,54.99,61,5,3.51
118,Benghazi,LY,2021-07-26 02:28:33,32.1167,20.0667,78.85,69,0,11.39
119,Sinnamary,GF,2021-07-26 02:24:36,5.3833,-52.95,77.4,87,100,6.62
120,Mabaruma,GY,2021-07-26 02:28:34,8.2,-59.7833,71.62,99,99,2.1
121,Nokaneng,BW,2021-07-26 02:28:34,-19.6667,22.2667,47.07,60,0,8.75
122,Shimoda,JP,2021-07-26 02:25:03,34.6667,138.95,85.1,73,38,9.06
123,Hammerfest,NO,2021-07-26 02:28:34,70.6634,23.6821,45.05,87,75,5.75
124,Jiujiang,CN,2021-07-26 02:28:35,29.7333,115.9833,85.51,68,44,10.38
125,Hobart,AU,2021-07-26 02:27:15,-42.8794,147.3294,55.26,69,75,5.01
126,Stony Plain,CA,2021-07-26 02:28:35,53.5334,-114.0021,69.31,68,90,11.5
127,Kaitangata,NZ,2021-07-26 02:28:36,-46.2817,169.8464,47.53,92,100,4.68
128,Nalut,LY,2021-07-26 02:28:36,30.3333,10.85,78.35,25,0,11.92
129,Vestmanna,FO,2021-07-26 02:28:36,62.1564,-7.1664,49.12,100,90,1.14
130,Male,MV,2021-07-26 02:28:37,4.1748,73.5089,82.35,83,75,9.22
131,Adrar,MR,2021-07-26 02:28:37,20.5022,-10.0711,88.39,20,0,8.95
132,Talaya,RU,2021-07-26 02:28:37,61.3833,152.75,60.8,88,100,1.36
133,Yumen,CN,2021-07-26 02:25:12,40.2833,97.2,82.9,25,3,13.76
134,Weston,US,2021-07-26 02:27:23,26.1004,-80.3998,85.01,80,1,1.99
135,Upernavik,GL,2021-07-26 02:24:37,72.7868,-56.1549,42.71,74,99,3.83
136,Eureka,US,2021-07-26 02:28:38,40.8021,-124.1637,55.92,87,100,1.99
137,Zhigansk,RU,2021-07-26 02:28:39,66.7697,123.3711,74.28,55,3,2.95
138,Hobyo,SO,2021-07-26 02:28:39,5.3505,48.5268,75.56,75,82,23.49
139,Vanavara,RU,2021-07-26 02:28:39,60.34,102.2797,78.24,40,81,5.37
140,Arraial Do Cabo,BR,2021-07-26 02:28:40,-22.9661,-42.0278,69.8,77,0,25.99
141,Tuktoyaktuk,CA,2021-07-26 02:28:40,69.4541,-133.0374,50.0,81,75,8.05
142,New Norfolk,AU,2021-07-26 02:28:40,-42.7826,147.0587,54.9,86,100,1.01
143,Cootamundra,AU,2021-07-26 02:28:41,-34.65,148.0333,53.94,84,98,13.94
144,Zhangye,CN,2021-07-26 02:28:41,38.9342,100.4517,78.22,32,100,3.76
145,Eltville,DE,2021-07-26 02:28:41,50.0333,8.1167,66.22,88,1,0.0
146,Chicama,PE,2021-07-26 02:28:42,-7.8447,-79.1469,63.14,86,18,5.7
147,Dwarka,IN,2021-07-26 02:24:42,22.2394,68.9678,81.9,85,100,23.96
148,Ponta Do Sol,PT,2021-07-26 02:28:42,32.6667,-17.1,75.0,83,3,2.21
149,Flinders,AU,2021-07-26 02:28:43,-34.5833,150.8552,63.81,55,60,8.99
150,Beyneu,KZ,2021-07-26 02:28:43,45.3167,55.2,81.5,25,21,11.81
151,Whitehorse,CA,2021-07-26 02:28:43,60.7161,-135.0538,66.97,37,75,4.0
152,Chern,RU,2021-07-26 02:28:44,53.4523,36.9145,62.29,58,83,2.95
153,Tharad,IN,2021-07-26 02:28:44,24.3961,71.6267,82.99,80,100,15.64
154,Ikom,NG,2021-07-26 02:28:44,5.9667,8.7063,69.49,96,90,2.1
155,Pokhara,NP,2021-07-26 02:28:45,28.2333,83.9833,72.9,97,100,1.14
156,Lavrentiya,RU,2021-07-26 02:28:45,65.5833,-171.0,44.58,98,100,3.04
157,Novo Aripuana,BR,2021-07-26 02:28:45,-5.1206,-60.3797,76.71,60,87,2.37
158,Goderich,CA,2021-07-26 02:28:46,43.7501,-81.7165,69.91,88,0,2.3
159,Neuquen,AR,2021-07-26 02:26:18,-38.9516,-68.0591,44.49,87,0,2.3
160,Sobolevo,RU,2021-07-26 02:24:46,54.4299,31.8996,61.41,75,55,4.45
161,Sao Gabriel Da Cachoeira,BR,2021-07-26 02:28:46,-0.1303,-67.0892,71.83,98,98,1.21
162,Petropavlovsk-Kamchatskiy,RU,2021-07-26 02:28:46,53.0452,158.6483,77.59,57,0,6.71
163,Victoria,HK,2021-07-26 02:23:52,22.2855,114.1577,91.33,81,47,1.01
164,Port Lincoln,AU,2021-07-26 02:28:47,-34.7333,135.8667,59.86,68,64,21.27
165,Sao Joao Do Piaui,BR,2021-07-26 02:28:47,-8.3581,-42.2467,74.16,54,4,8.61
166,Avarua,CK,2021-07-26 02:28:48,-21.2078,-159.775,77.05,83,75,10.36
167,Alice Springs,AU,2021-07-26 02:24:53,-23.7,133.8833,74.21,21,6,11.99
168,Oranjemund,NA,2021-07-26 02:28:48,-28.55,16.4333,64.36,28,99,10.0
169,Ladario,BR,2021-07-26 02:28:48,-19.0047,-57.6017,74.82,41,0,2.68
170,Charyshskoye,RU,2021-07-26 02:28:49,51.3978,83.5598,68.54,88,100,5.53
171,Mykolayiv,UA,2021-07-26 02:28:49,46.9659,31.9974,65.32,88,0,8.95
172,Filimonovo,RU,2021-07-26 02:28:49,56.2011,95.4611,73.11,62,4,7.52
173,Alekseyevsk,RU,2021-07-26 02:28:50,57.8406,108.3492,80.17,39,19,6.71
174,Miri,MY,2021-07-26 02:28:50,4.4148,114.0089,89.74,70,40,3.44
175,Itoman,JP,2021-07-26 02:24:47,26.1247,127.6694,86.38,92,75,14.97
176,Alvaraes,BR,2021-07-26 02:28:51,-3.2208,-64.8042,78.06,72,100,1.95
177,Virginia Beach,US,2021-07-26 02:27:51,36.8529,-75.978,82.47,76,75,10.36
178,Isangel,VU,2021-07-26 02:28:51,-19.55,169.2667,75.33,75,98,16.37
179,Villazon,BO,2021-07-26 02:28:52,-22.0866,-65.5942,43.41,52,82,9.01
180,Guerrero Negro,MX,2021-07-26 02:25:35,27.9769,-114.0611,70.02,77,1,16.4
181,La Ronge,CA,2021-07-26 02:28:52,55.1001,-105.2842,61.05,88,75,4.61
182,Ulaanbaatar,MN,2021-07-26 02:28:52,47.9077,106.8832,66.33,63,40,2.24
183,Dali,CN,2021-07-26 02:28:53,25.7,100.1833,71.69,61,6,1.61
184,Sitka,US,2021-07-26 02:28:53,57.0531,-135.33,54.23,89,100,1.9
185,Yar-Sale,RU,2021-07-26 02:28:53,66.8333,70.8333,51.69,68,89,6.26
186,Salalah,OM,2021-07-26 02:28:54,17.0151,54.0924,78.89,83,75,5.75
187,Waipawa,NZ,2021-07-26 02:28:54,-41.4122,175.5153,55.02,83,98,13.91
188,Atambua,ID,2021-07-26 02:28:55,-9.1061,124.8925,82.56,38,94,3.83
189,San Cristobal Cucho,GT,2021-07-26 02:28:55,14.9,-91.7833,54.36,92,98,5.12
190,Nome,US,2021-07-26 02:28:55,64.5011,-165.4064,51.87,83,90,12.66
191,Boyolangu,ID,2021-07-26 02:26:13,-8.1181,111.8935,78.22,67,61,4.05
192,Lucapa,AO,2021-07-26 02:28:56,-8.4192,20.7447,61.16,41,100,5.37
193,Ostrovnoy,RU,2021-07-26 02:28:56,68.0531,39.5131,45.52,83,88,19.26
194,Aksaray,TR,2021-07-26 02:28:56,38.3726,34.0254,65.79,66,13,7.9
195,Tyukhtet,RU,2021-07-26 02:28:57,56.5389,89.3011,72.7,77,100,2.73
196,Argayash,RU,2021-07-26 02:28:57,55.4888,60.8767,55.09,66,6,5.79
197,Hasaki,JP,2021-07-26 02:28:57,35.7333,140.8333,82.8,65,99,20.47
198,Nenjiang,CN,2021-07-26 02:28:58,49.1833,125.2167,66.2,96,100,5.7
199,Hithadhoo,MV,2021-07-26 02:28:58,-0.6,73.0833,80.98,75,100,5.84
200,Thompson,CA,2021-07-26 02:28:49,55.7435,-97.8558,59.16,44,40,6.91
201,San Patricio,US,2021-07-26 02:28:58,28.017,-97.5169,84.29,73,3,9.64
202,Bundaberg,AU,2021-07-26 02:28:59,-24.85,152.35,68.29,28,11,10.36
203,Bay Roberts,CA,2021-07-26 02:25:37,47.5999,-53.2648,56.52,92,53,4.94
204,Staryy Nadym,RU,2021-07-26 02:28:59,65.6118,72.6842,50.68,71,95,8.55
205,Nanortalik,GL,2021-07-26 02:29:00,60.1432,-45.2371,44.15,75,91,11.12
206,Rawson,AR,2021-07-26 02:24:14,-43.3002,-65.1023,43.16,50,0,12.8
207,Bubaque,GW,2021-07-26 02:24:37,11.2833,-15.8333,79.16,82,100,8.37
208,Nantucket,US,2021-07-26 02:28:55,41.2835,-70.0995,73.99,91,90,16.11
209,Klungkung,ID,2021-07-26 02:29:00,-8.5333,115.4,79.48,63,3,6.24
210,Harper,LR,2021-07-26 02:29:01,4.375,-7.7169,75.76,77,58,7.02
211,Narsaq,GL,2021-07-26 02:29:01,60.9167,-46.05,46.62,62,100,1.34
212,Navrongo,GH,2021-07-26 02:29:01,10.8956,-1.0921,77.54,70,47,5.68
213,Luderitz,NA,2021-07-26 02:29:02,-26.6481,15.1594,65.26,27,82,10.42
214,Nouadhibou,MR,2021-07-26 02:29:02,20.931,-17.0347,69.78,88,20,14.97
215,Padang,ID,2021-07-26 02:29:02,-0.9492,100.3543,86.05,68,16,0.74
216,Constitucion,CL,2021-07-26 02:29:03,-35.3333,-72.4167,50.56,93,100,9.8
217,Ratnagiri,IN,2021-07-26 02:29:03,16.9833,73.3,80.06,85,100,15.97
218,Quatre Cocos,MU,2021-07-26 02:29:03,-20.2078,57.7625,69.91,61,7,11.05
219,San Quintin,MX,2021-07-26 02:29:04,30.4833,-115.95,68.52,82,100,7.94
220,Mount Isa,AU,2021-07-26 02:29:04,-20.7333,139.5,73.17,18,68,11.5
221,Pisco,PE,2021-07-26 02:29:04,-13.7,-76.2167,62.65,77,1,6.91
222,Vrangel,RU,2021-07-26 02:29:05,42.7297,133.0839,78.94,81,39,6.08
223,Morant Bay,JM,2021-07-26 02:29:05,17.8815,-76.4093,82.02,85,58,4.88
224,Garden City,US,2021-07-26 02:29:05,42.3256,-83.331,79.95,66,75,6.91
225,Rio Grande,BR,2021-07-26 02:25:08,-32.035,-52.0986,62.49,81,9,7.45
226,Palu,ID,2021-07-26 02:29:06,-0.8917,119.8707,88.07,56,26,1.43
227,Conde,BR,2021-07-26 02:29:06,-7.2597,-34.9075,71.06,100,75,4.61
228,Iqaluit,CA,2021-07-26 02:29:06,63.7506,-68.5145,49.69,81,75,5.99
229,Qasigiannguit,GL,2021-07-26 02:29:07,68.8193,-51.1922,50.25,62,100,5.86
230,Taoudenni,ML,2021-07-26 02:29:07,22.6783,-3.9836,97.7,7,0,7.07
231,Grindavik,IS,2021-07-26 02:29:08,63.8424,-22.4338,48.56,100,90,23.02
232,Tamiahua,MX,2021-07-26 02:29:08,21.2667,-97.45,79.14,81,0,8.14
233,Esperance,AU,2021-07-26 02:29:08,-33.8667,121.9,58.84,72,3,22.48
234,Nuevitas,CU,2021-07-26 02:29:09,21.5453,-77.2644,72.84,85,77,8.41
235,Chor,PK,2021-07-26 02:29:09,25.5167,69.7667,84.85,73,100,19.51
236,Cap Malheureux,MU,2021-07-26 02:29:10,-19.9842,57.6142,70.29,59,0,15.41
237,Hvolsvollur,IS,2021-07-26 02:29:10,63.7533,-20.2243,46.81,86,100,13.06
238,Luanda,AO,2021-07-26 02:26:05,-8.8368,13.2343,68.14,92,6,6.53
239,Lanxi,CN,2021-07-26 02:29:10,29.2195,119.477,76.93,95,100,19.48
240,Killybegs,IE,2021-07-26 02:29:11,54.6333,-8.45,60.46,90,100,6.69
241,Huanan,CN,2021-07-26 02:29:11,46.2167,130.5167,87.51,52,100,4.21
242,Ampanihy,MG,2021-07-26 02:29:11,-24.7,44.75,57.9,70,9,9.84
243,Katsuura,JP,2021-07-26 02:28:48,35.1333,140.3,86.11,64,57,20.58
244,Vuktyl,RU,2021-07-26 02:29:12,63.8567,57.3094,49.87,94,93,6.17
245,Ilulissat,GL,2021-07-26 02:29:12,69.2167,-51.1,50.02,43,100,11.5
246,Saint Anthony,US,2021-07-26 02:29:12,45.0205,-93.218,82.92,49,1,4.61
247,Souillac,MU,2021-07-26 02:29:13,-20.5167,57.5167,70.18,64,20,9.22
248,Tessalit,ML,2021-07-26 02:29:13,20.1986,1.0114,91.78,32,88,8.55
249,Andenes,NO,2021-07-26 02:29:14,69.3143,16.1194,52.47,100,90,3.44
250,Ubeda,ES,2021-07-26 02:29:14,38.0133,-3.3705,69.35,55,7,5.66
251,Saryg-Sep,RU,2021-07-26 02:29:15,51.5,95.6,66.51,81,100,1.61
252,Saiki,JP,2021-07-26 02:29:15,32.95,131.9,78.8,79,36,9.31
253,Sidi Bin Nur,TN,2021-07-26 02:29:15,35.5333,10.9167,78.71,75,0,9.71
254,Ca Mau,VN,2021-07-26 02:24:47,9.1769,105.15,85.68,68,50,8.75
255,Aripuana,BR,2021-07-26 02:29:16,-9.1667,-60.6333,76.1,52,5,1.3
256,Konya,TR,2021-07-26 02:29:16,38.1667,32.5,63.88,59,16,7.2
257,Kamaishi,JP,2021-07-26 02:29:17,39.2667,141.8833,85.15,67,75,11.3
258,Komsomolskiy,UZ,2021-07-26 02:29:17,40.4272,71.7189,86.72,28,0,9.22
259,Marystown,CA,2021-07-26 02:29:17,47.1666,-55.1483,55.31,89,34,1.59
260,Geraldton,AU,2021-07-26 02:29:18,-28.7667,114.6,63.12,88,90,12.66
261,Namibe,AO,2021-07-26 02:24:28,-15.1961,12.1522,68.97,62,0,7.09
262,Valleyview,CA,2021-07-26 02:29:18,55.0667,-117.2859,69.84,37,99,9.22
263,Lagoa,PT,2021-07-26 02:29:19,39.05,-27.9833,68.85,84,9,11.65
264,Ribeira Grande,PT,2021-07-26 02:29:19,38.5167,-28.7,70.23,84,5,15.23
265,Minas,UY,2021-07-26 02:29:19,-34.3759,-55.2377,57.67,97,100,7.07
266,Ust-Kuyga,RU,2021-07-26 02:29:20,70.0167,135.6,61.66,57,100,2.55
267,Tulun,RU,2021-07-26 02:29:20,54.5611,100.5792,73.4,49,17,5.84
268,Kidal,ML,2021-07-26 02:29:20,18.4411,1.4078,89.83,37,100,7.27
269,Shirgaon,IN,2021-07-26 02:29:21,19.7,72.7,82.42,86,74,21.23
270,Ryotsu,JP,2021-07-26 02:29:21,38.0833,138.4333,85.96,70,0,5.66
271,Hayden,US,2021-07-26 02:29:21,47.766,-116.7866,93.49,21,1,9.22
272,Kawalu,ID,2021-07-26 02:29:22,-7.3817,108.2082,78.69,63,8,2.8
273,Karakol,KG,2021-07-26 02:29:22,42.4907,78.3936,75.52,17,0,1.97
274,Tuatapere,NZ,2021-07-26 02:24:47,-46.1333,167.6833,49.82,93,100,0.45
275,Itamaraca,BR,2021-07-26 02:29:22,-7.7478,-34.8256,72.28,87,33,11.9
276,Ayan,RU,2021-07-26 02:29:23,56.45,138.1667,65.26,78,40,5.99
277,East London,ZA,2021-07-26 02:29:23,-33.0153,27.9116,58.69,26,32,6.51
278,Karacakoy,TR,2021-07-26 02:29:24,41.4029,28.3834,75.67,74,0,9.08
279,Gamba,GA,2021-07-26 02:29:24,-2.65,10.0,69.62,93,96,1.63
280,Vanimo,PG,2021-07-26 02:29:24,-2.6741,141.3028,83.46,63,58,4.09
281,Cine,TR,2021-07-26 02:29:24,37.6117,28.0614,74.3,63,0,2.48
282,Jiangyan,CN,2021-07-26 02:29:25,32.5061,120.1428,77.99,97,100,21.97
283,Santa Fe,AR,2021-07-26 02:25:30,-31.6333,-60.7,55.0,84,0,1.01
284,High Level,CA,2021-07-26 02:29:25,58.5169,-117.136,68.11,60,75,12.66
285,Svetlopolyansk,RU,2021-07-26 02:29:26,59.4184,52.3605,51.76,78,88,5.82
286,Zhanaozen,KZ,2021-07-26 02:29:26,43.3,52.8,81.03,27,7,13.67
287,Hirara,JP,2021-07-26 02:29:26,24.8,125.2833,88.07,84,75,9.22
288,Koygorodok,RU,2021-07-26 02:29:27,60.445,50.9968,52.3,84,100,6.02
289,Barranca,PE,2021-07-26 02:29:27,-10.75,-77.7667,63.43,84,21,9.8
290,Esfarayen,IR,2021-07-26 02:29:27,37.0765,57.5101,71.26,60,0,8.81
291,Miramar,US,2021-07-26 02:28:56,25.9873,-80.2323,85.01,77,1,4.61
292,Madridejos,ES,2021-07-26 02:29:28,39.4682,-3.532,69.35,58,62,8.16
293,Taraz,KZ,2021-07-26 02:29:28,42.9,71.3667,84.61,23,0,6.71
294,Ozernovskiy,RU,2021-07-26 02:26:17,51.5,156.5167,57.81,92,91,6.13
295,Drovyanaya,RU,2021-07-26 02:29:29,51.5833,113.0333,65.71,78,87,3.33
296,Atar,MR,2021-07-26 02:29:29,20.5169,-13.0499,86.0,33,99,5.28
297,Jalu,LY,2021-07-26 02:24:38,29.0331,21.5482,76.24,40,0,8.72
298,Gushikawa,JP,2021-07-26 02:29:29,26.3544,127.8686,85.59,90,40,12.66
299,Zorgo,BF,2021-07-26 02:29:30,12.2489,-0.6158,77.16,74,51,6.82
300,Vestmannaeyjar,IS,2021-07-26 02:28:49,63.4427,-20.2734,50.67,78,100,17.34
301,Port Hawkesbury,CA,2021-07-26 02:29:30,45.6169,-61.3485,65.7,72,1,8.05
302,Kasongo-Lunda,CD,2021-07-26 02:29:30,-6.4667,16.8167,66.88,37,90,0.49
303,Kontagora,NG,2021-07-26 02:29:31,10.3999,5.4695,72.48,92,100,4.12
304,Concordia,AR,2021-07-26 02:29:31,-31.393,-58.0209,56.79,96,72,4.0
305,Provideniya,RU,2021-07-26 02:24:34,64.3833,-173.3,51.91,76,90,4.47
306,Kresttsy,RU,2021-07-26 02:29:31,58.2452,32.5165,53.67,78,5,3.04
307,Mange,SL,2021-07-26 02:29:32,8.9167,-12.85,72.45,98,100,1.39
308,Broome,US,2021-07-26 02:29:05,42.2506,-75.833,71.02,80,0,1.01
309,Taltal,CL,2021-07-26 02:29:32,-25.4,-70.4833,56.98,79,0,2.93
310,Matay,EG,2021-07-26 02:29:33,28.419,30.7792,77.04,60,0,10.89
311,Waingapu,ID,2021-07-26 02:29:33,-9.6567,120.2641,83.1,53,19,8.93
312,Pacific Grove,US,2021-07-26 02:27:38,36.6177,-121.9166,79.02,86,75,5.99
313,Jumla,NP,2021-07-26 02:29:33,29.2747,82.1838,67.23,92,100,1.68
314,Oxapampa,PE,2021-07-26 02:29:34,-10.5775,-75.4017,58.05,92,37,3.02
315,Halifax,CA,2021-07-26 02:25:50,44.6453,-63.5724,62.69,88,100,1.99
316,Caravelas,BR,2021-07-26 02:29:34,-17.7125,-39.2481,68.83,84,2,5.61
317,Thinadhoo,MV,2021-07-26 02:29:35,0.5333,72.9333,81.99,69,97,2.71
318,Yakeshi,CN,2021-07-26 02:29:35,49.2833,120.7333,69.03,68,91,5.19
319,Korla,CN,2021-07-26 02:29:35,41.7597,86.1469,92.66,10,0,11.9
320,Martapura,ID,2021-07-26 02:29:36,-3.4167,114.85,84.29,65,20,12.66
321,Bac Lieu,VN,2021-07-26 02:29:36,9.285,105.7244,84.69,70,90,11.72
322,Mayumba,GA,2021-07-26 02:29:36,-3.432,10.6554,69.39,95,36,2.37
323,George,ZA,2021-07-26 02:29:37,-33.963,22.4617,62.15,29,0,4.61
324,Honiara,SB,2021-07-26 02:29:37,-9.4333,159.95,84.15,71,87,5.64
325,Reconquista,AR,2021-07-26 02:29:37,-29.15,-59.65,61.63,80,100,7.92
326,Aklavik,CA,2021-07-26 02:29:38,68.2191,-135.0107,56.23,80,100,12.86
327,Fortuna,US,2021-07-26 02:25:03,40.5982,-124.1573,94.48,93,90,9.22
328,Yarim,YE,2021-07-26 02:29:38,14.298,44.3779,57.29,79,99,3.51
329,Awbari,LY,2021-07-26 02:29:39,26.5921,12.7805,78.55,26,0,9.44
330,Manokwari,ID,2021-07-26 02:29:39,-0.8667,134.0833,83.82,64,97,3.8
331,Notre-Dame-Du-Lac,CA,2021-07-26 02:29:39,47.6136,-68.7964,65.43,99,85,4.94
332,Nizhnyaya Tavda,RU,2021-07-26 02:29:39,57.6731,66.1725,53.82,64,52,6.35
333,Oussouye,SN,2021-07-26 02:29:40,12.485,-16.5469,75.88,85,100,2.24
334,Baturaja,ID,2021-07-26 02:29:40,-4.1333,104.1667,81.19,61,3,3.74
335,Kelvington,CA,2021-07-26 02:29:40,52.1667,-103.5343,67.66,63,100,4.12
336,Coquimbo,CL,2021-07-26 02:29:41,-29.9533,-71.3436,53.33,82,0,10.36
337,Faya,SA,2021-07-26 02:29:42,18.3851,42.4509,64.51,70,91,4.38
338,Clyde River,CA,2021-07-26 02:29:42,70.4692,-68.5914,34.03,100,90,4.61
339,Rio Gallegos,AR,2021-07-26 02:25:17,-51.6226,-69.2181,32.05,86,20,9.22
340,Berdigestyakh,RU,2021-07-26 02:29:42,62.0989,126.6992,77.25,39,0,7.2
341,Kloulklubed,PW,2021-07-26 02:29:43,7.0419,134.2556,81.1,78,100,17.31
342,Kupang,ID,2021-07-26 02:29:43,-10.1667,123.5833,84.78,51,20,8.05
343,Hamilton,US,2021-07-26 02:29:44,39.1834,-84.5333,80.01,83,40,0.0
344,Buala,SB,2021-07-26 02:29:44,-8.145,159.5921,83.97,74,23,8.46
345,Antofagasta,CL,2021-07-26 02:29:44,-23.65,-70.4,56.48,82,51,7.16
346,Hanyang,CN,2021-07-26 02:29:45,32.1371,105.5126,78.53,79,14,3.98
347,Mannarakkat,IN,2021-07-26 02:29:45,10.9833,76.4667,80.15,98,100,3.87
348,Meulaboh,ID,2021-07-26 02:29:45,4.1363,96.1285,81.18,76,86,2.75
349,Jieshi,CN,2021-07-26 02:29:46,22.8134,115.8257,89.94,74,71,8.28
350,Linguere,SN,2021-07-26 02:29:46,15.3953,-15.1193,80.22,72,60,10.98
351,Oistins,BB,2021-07-26 02:25:38,13.0667,-59.5333,77.09,94,75,3.44
352,Cuamba,MZ,2021-07-26 02:26:14,-14.8031,36.5372,54.16,87,11,7.05
353,Boulder City,US,2021-07-26 02:29:46,35.9786,-114.8325,99.25,48,40,28.77
354,Kerema,PG,2021-07-26 02:29:47,-7.9631,145.7785,81.45,79,84,9.1
355,Matagami,CA,2021-07-26 02:29:47,49.7502,-77.6328,62.71,94,40,3.44
356,Mingoyo,TZ,2021-07-26 02:29:47,-10.1,39.6333,63.36,75,20,4.56
357,Calderitas,MX,2021-07-26 02:29:48,18.55,-88.25,81.03,75,23,9.22
358,Beloha,MG,2021-07-26 02:29:48,-25.1667,45.05,59.0,77,1,10.74
359,Elko,US,2021-07-26 02:27:11,41.0002,-115.5012,93.22,9,53,5.99
360,Morondava,MG,2021-07-26 02:29:49,-20.2833,44.2833,68.38,57,90,13.18
361,Udachnyy,RU,2021-07-26 02:29:49,66.4167,112.4,82.92,43,6,14.58
362,Masuguru,TZ,2021-07-26 02:29:49,-11.3667,38.4167,65.21,60,0,6.85
363,Poco Verde,BR,2021-07-26 02:29:50,-10.7083,-38.1833,64.06,99,35,4.14
364,Egvekinot,RU,2021-07-26 02:29:50,66.3167,-179.1667,48.36,80,100,2.71
365,Opuwo,NA,2021-07-26 02:29:50,-18.0607,13.84,56.32,46,0,8.75
366,Belyy Yar,RU,2021-07-26 02:29:51,53.6039,91.3903,71.49,78,0,6.71
367,Annau,TM,2021-07-26 02:29:51,37.8876,58.516,87.3,51,0,9.22
368,Mustafakemalpasa,TR,2021-07-26 02:29:51,40.0353,28.4117,75.25,92,1,0.63
369,Peniche,PT,2021-07-26 02:29:52,39.3558,-9.3811,69.73,93,30,9.86
370,Bani Walid,LY,2021-07-26 02:29:52,31.7566,13.9942,71.56,69,0,4.41
371,Lansdale,US,2021-07-26 02:29:52,40.2415,-75.2838,79.32,81,40,8.05
372,Sterling,US,2021-07-26 02:25:10,39.0062,-77.4286,83.61,78,20,1.01
373,Tomatlan,MX,2021-07-26 02:29:53,19.9333,-105.25,79.05,92,85,3.29
374,Leningradskiy,RU,2021-07-26 02:29:53,69.3833,178.4167,39.92,85,99,6.58
375,Hargeysa,SO,2021-07-26 02:29:53,9.56,44.065,67.46,57,89,30.85
376,Najran,SA,2021-07-26 02:29:54,17.4924,44.1277,79.45,51,97,5.48
377,Basoko,CD,2021-07-26 02:29:54,1.2391,23.616,72.12,85,95,2.44
378,Krasnoselkup,RU,2021-07-26 02:29:54,65.7,82.4667,59.07,76,100,11.12
379,Yinchuan,CN,2021-07-26 02:29:55,38.4681,106.2731,86.59,26,99,4.34
380,Fort Nelson,CA,2021-07-26 02:29:55,58.8053,-122.7002,72.99,40,20,3.44
381,Miyang,CN,2021-07-26 02:29:55,24.4042,103.4428,65.75,92,100,2.24
382,Redlands,US,2021-07-26 02:29:49,34.0556,-117.1825,89.44,53,40,1.99
383,Rorvik,NO,2021-07-26 02:29:56,64.8621,11.2373,53.91,96,80,10.42
384,Mikuni,JP,2021-07-26 02:29:56,36.2171,136.1519,87.71,67,0,6.93
385,Saldanha,ZA,2021-07-26 02:29:56,-33.0117,17.9442,48.25,41,100,20.89
386,Agadez,NE,2021-07-26 02:29:57,19.75,10.25,86.49,13,80,9.4
387,Qobustan,AZ,2021-07-26 02:29:57,40.0824,49.412,80.71,50,8,12.59
388,Kharsia,IN,2021-07-26 02:29:57,21.9667,83.1167,80.92,71,100,14.03
389,Grootfontein,NA,2021-07-26 02:29:58,-19.5667,18.1167,40.57,75,0,3.44
390,Bonthe,SL,2021-07-26 02:29:58,7.5264,-12.505,75.76,86,98,5.1
391,Mikhaylovka,RU,2021-07-26 02:29:58,50.06,43.2379,62.24,55,46,6.85
392,Lazaro Cardenas,MX,2021-07-26 02:29:59,17.9583,-102.2,81.72,83,94,5.17
393,Hambantota,LK,2021-07-26 02:29:59,6.1241,81.1185,80.94,94,75,12.66
394,Gamboma,CG,2021-07-26 02:29:59,-1.8764,15.8644,72.09,65,44,3.42
395,Sabha,LY,2021-07-26 02:25:16,27.0377,14.4283,79.75,31,2,11.3
396,Petawawa,CA,2021-07-26 02:30:00,45.9001,-77.3328,67.26,90,20,1.97
397,Banon,ES,2021-07-26 02:30:00,40.8382,-1.1909,63.66,88,0,5.75
398,Marsaxlokk,MT,2021-07-26 02:30:01,35.8419,14.5431,79.09,88,0,6.91
399,Brae,GB,2021-07-26 02:30:01,60.3964,-1.353,55.31,91,41,6.24
400,Kikwit,CD,2021-07-26 02:30:03,-5.041,18.8162,70.66,38,68,0.25
401,Lom,BG,2021-07-26 02:30:04,43.8139,23.2361,65.73,52,96,3.31
402,Hualmay,PE,2021-07-26 02:30:04,-11.0964,-77.6139,63.41,85,13,10.96
403,Portland,US,2021-07-26 02:26:57,45.5234,-122.6762,89.98,43,1,1.01
404,Vardo,NO,2021-07-26 02:30:05,70.3705,31.1107,46.08,75,63,21.99
405,Westport,US,2021-07-26 02:30:05,41.1415,-73.3579,77.76,92,90,1.01
406,Zaraza,VE,2021-07-26 02:30:06,9.3503,-65.3245,72.52,98,100,4.09
407,Ancud,CL,2021-07-26 02:30:06,-41.8697,-73.8203,38.73,78,16,7.4
408,Presidencia Roque Saenz Pena,AR,2021-07-26 02:30:06,-26.7852,-60.4388,68.76,58,100,6.87
409,Palmerston,AU,2021-07-26 02:30:07,-12.486,130.9833,86.9,64,40,10.36
410,Byron Bay,AU,2021-07-26 02:30:08,-28.65,153.6167,69.06,34,45,3.62
411,Tottori,JP,2021-07-26 02:25:31,35.5,134.2333,89.6,66,40,9.22
412,Turayf,SA,2021-07-26 02:30:10,31.6725,38.6637,80.85,50,0,11.5
413,Maragheh,IR,2021-07-26 02:30:10,37.3917,46.2398,73.67,46,0,16.11
414,Arrecife,ES,2021-07-26 02:30:10,28.963,-13.5477,73.47,78,0,31.07
415,Nemuro,JP,2021-07-26 02:25:31,43.3236,145.575,75.63,87,0,8.52
416,Maun,BW,2021-07-26 02:29:15,-19.9833,23.4167,48.16,66,0,10.36
417,Port Shepstone,ZA,2021-07-26 02:30:11,-30.7414,30.455,53.71,54,0,8.7
418,Maragogi,BR,2021-07-26 02:30:11,-9.0122,-35.2225,73.67,86,29,10.58
419,Floro,NO,2021-07-26 02:30:12,61.5996,5.0328,64.36,88,40,1.14
420,Trairi,BR,2021-07-26 02:29:18,-3.2778,-39.2689,77.32,82,5,10.54
421,Calvinia,ZA,2021-07-26 02:30:12,-31.4707,19.776,46.44,38,100,10.78
422,Hay River,CA,2021-07-26 02:26:05,60.8156,-115.7999,60.78,55,20,5.75
423,Acambay,MX,2021-07-26 02:30:12,19.9558,-99.8417,51.94,94,40,4.88
424,Lebanon,US,2021-07-26 02:28:41,36.2081,-86.2911,79.59,89,90,4.61
425,Tarime,TZ,2021-07-26 02:30:13,-1.35,34.3667,57.54,65,4,4.92
426,Luang Prabang,LA,2021-07-26 02:30:13,19.8856,102.1347,76.96,94,90,0.0
427,Mayo,US,2021-07-26 02:30:14,38.8876,-76.5119,84.2,84,1,4.61
428,Roma,US,2021-07-26 02:30:14,43.2128,-75.4557,71.89,91,1,3.44
429,Los Llanos De Aridane,ES,2021-07-26 02:30:14,28.6585,-17.9182,67.75,95,90,13.8
430,Beringovskiy,RU,2021-07-26 02:25:28,63.05,179.3167,50.09,92,99,6.22
431,Asau,RO,2021-07-26 02:30:15,46.4333,26.4,64.76,82,4,3.47
432,Kapoeta,SS,2021-07-26 02:30:15,4.7717,33.5903,70.43,63,99,10.27
433,Hericourt,FR,2021-07-26 02:30:15,47.5731,6.7614,64.58,94,64,1.41
434,Kerouane,GN,2021-07-26 02:30:16,9.2667,-9.0167,68.13,99,95,2.86
435,Guamuchil,MX,2021-07-26 02:30:16,25.4667,-108.1,89.74,65,44,2.73
436,Carhuaz,PE,2021-07-26 02:30:16,-9.2819,-77.6447,56.43,81,59,2.48
437,Carutapera,BR,2021-07-26 02:30:17,-1.195,-46.02,75.67,87,11,4.18
438,Cabo San Lucas,MX,2021-07-26 02:27:44,22.8909,-109.9124,89.82,70,1,7.0
439,Mehamn,NO,2021-07-26 02:30:17,71.0357,27.8492,44.94,80,100,13.78
440,Shagonar,RU,2021-07-26 02:30:18,51.5333,92.8,67.78,81,95,3.15
441,Bayir,TR,2021-07-26 02:30:18,37.2687,28.2167,70.32,63,0,4.74
442,Sur,OM,2021-07-26 02:30:18,22.5667,59.5289,90.48,56,95,8.93
443,Nelson Bay,AU,2021-07-26 02:30:19,-32.7167,152.15,67.95,51,0,3.0
444,Oruro,BO,2021-07-26 02:27:46,-17.9833,-67.15,39.92,75,88,12.01
445,Miles City,US,2021-07-26 02:30:19,46.4083,-105.8406,94.17,16,1,8.05
446,Hohhot,CN,2021-07-26 02:30:20,40.8106,111.6522,75.49,78,40,4.47
447,Edd,ER,2021-07-26 02:30:20,13.9297,41.6925,88.14,64,100,5.28
448,Rivadavia,AR,2021-07-26 02:30:20,-33.1905,-68.4608,48.67,43,0,10.51
449,Necochea,AR,2021-07-26 02:30:07,-38.5473,-58.7368,44.01,87,4,9.64
450,Tecoanapa,MX,2021-07-26 02:30:21,16.5167,-98.75,82.62,80,27,7.56
451,Carmo Do Paranaiba,BR,2021-07-26 02:30:21,-19.0008,-46.3161,49.75,67,0,3.83
452,Namatanai,PG,2021-07-26 02:30:21,-3.6667,152.4333,83.26,72,90,1.48
453,Kushima,JP,2021-07-26 02:30:22,31.4583,131.2333,87.31,78,100,9.78
454,Port Blair,IN,2021-07-26 02:27:34,11.6667,92.75,83.35,82,89,19.24
455,Banjar,ID,2021-07-26 02:30:22,-8.19,114.9675,80.46,48,4,3.18
456,Shanghai,CN,2021-07-26 02:26:09,31.2222,121.4581,80.92,93,90,3.0
457,Salamanca,ES,2021-07-26 02:30:22,40.8333,-6.0,57.99,92,0,4.54
458,Hofn,IS,2021-07-26 02:30:23,64.2539,-15.2082,51.12,89,22,10.71
459,Burns Lake,CA,2021-07-26 02:30:17,54.2331,-125.7533,60.22,52,100,4.45
460,Sao Jose Do Belmonte,BR,2021-07-26 02:30:23,-7.8614,-38.7597,66.06,91,6,11.36
461,Te Horo,NZ,2021-07-26 02:30:24,-40.8084,175.1233,56.88,84,100,1.99
462,Chuy,UY,2021-07-26 02:30:24,-33.6971,-53.4616,58.12,98,21,5.75
463,Sapa,PH,2021-07-26 02:30:24,5.1544,120.3241,85.64,72,80,11.3
464,Bafq,IR,2021-07-26 02:30:25,31.6128,55.4107,86.29,12,0,8.55
465,Port Macquarie,AU,2021-07-26 02:30:25,-31.4333,152.9167,67.89,37,0,2.73
466,San Lorenzo,PY,2021-07-26 02:30:25,-25.3333,-57.5333,79.74,50,0,5.01
467,Asahikawa,JP,2021-07-26 02:30:26,43.7678,142.3703,85.21,58,20,5.75
468,Vaitape,PF,2021-07-26 02:30:26,-16.5167,-151.75,78.08,68,37,7.83
469,Porto Santo,PT,2021-07-26 02:30:26,33.072,-16.3415,74.3,94,75,9.22
470,Santarem,BR,2021-07-26 02:30:27,-2.4431,-54.7083,75.33,100,0,2.3
471,Gorontalo,ID,2021-07-26 02:30:27,0.5412,123.0595,87.1,63,48,9.55
472,Biga,TR,2021-07-26 02:30:27,40.2281,27.2422,75.18,80,7,8.5
473,Praia,CV,2021-07-26 02:25:47,14.9215,-23.5087,74.86,75,98,6.96
474,Villamontes,BO,2021-07-26 02:30:28,-21.25,-63.5,74.44,55,100,4.0
475,Taga,RO,2021-07-26 02:30:28,46.95,24.05,64.72,73,26,3.98
476,Vila,PT,2021-07-26 02:30:29,42.0304,-8.1588,54.73,91,1,3.67
477,Lima,PE,2021-07-26 02:26:21,-12.0432,-77.0282,61.14,82,90,12.66
478,Kununurra,AU,2021-07-26 02:29:15,-15.7667,128.7333,84.18,26,46,9.22
479,Klerksdorp,ZA,2021-07-26 02:30:29,-26.8521,26.6667,36.14,57,50,3.98
480,Muros,ES,2021-07-26 02:30:30,42.7762,-9.0603,64.83,91,25,5.97
481,Tabou,CI,2021-07-26 02:30:30,4.423,-7.3528,76.17,75,51,7.76
482,Kedougou,SN,2021-07-26 02:30:30,12.5579,-12.1743,74.93,92,100,5.77
483,Abilene,US,2021-07-26 02:30:15,32.4487,-99.7331,91.62,40,1,6.91
484,Amga,RU,2021-07-26 02:30:31,60.8953,131.9608,77.77,35,0,7.72
485,Hays,US,2021-07-26 02:30:31,30.0502,-98.0336,86.92,68,2,7.65
486,Puerto Colombia,CO,2021-07-26 02:30:31,10.9878,-74.9547,78.89,79,100,2.33
487,Keti Bandar,PK,2021-07-26 02:30:32,24.1447,67.4497,83.57,81,100,22.93
488,Bahia Blanca,AR,2021-07-26 02:30:32,-38.7196,-62.2724,44.67,52,36,4.52
489,Cacapava Do Sul,BR,2021-07-26 02:30:32,-30.5122,-53.4914,59.09,95,99,3.15
490,Huarmey,PE,2021-07-26 02:29:00,-10.0681,-78.1522,64.92,87,1,9.71
491,Oxbow,CA,2021-07-26 02:30:33,49.2333,-102.1676,75.15,38,0,9.48
492,Gisborne,NZ,2021-07-26 02:30:33,-38.6533,178.0042,53.02,89,100,18.37
493,Vao,NC,2021-07-26 02:30:34,-22.6667,167.4833,70.59,63,87,18.79
494,Vangaindrano,MG,2021-07-26 02:30:34,-23.35,47.6,60.64,81,41,5.28
495,Ukholovo,RU,2021-07-26 02:30:34,53.7929,40.4892,53.26,60,16,3.65
496,Khani,GE,2021-07-26 02:28:56,41.9563,42.9566,58.57,89,41,3.02
497,San Jose,US,2021-07-26 02:28:00,37.3394,-121.895,85.69,53,75,5.99
498,Chengalpattu,IN,2021-07-26 02:30:35,12.7,79.9833,83.91,51,100,15.66
499,Ovalle,CL,2021-07-26 02:30:35,-30.5983,-71.2003,50.7,83,0,1.72
500,Baghdad,IQ,2021-07-26 02:30:21,33.3406,44.4009,93.11,27,0,9.22
501,Coahuayana,MX,2021-07-26 02:30:36,18.7333,-103.6833,81.88,88,32,0.81
502,Russell,US,2021-07-26 02:30:36,32.3502,-85.1999,82.11,90,40,0.0
503,Siavonga,ZM,2021-07-26 02:30:36,-16.5382,28.7088,58.41,57,87,3.04
504,Jacqueville,CI,2021-07-26 02:30:37,5.2052,-4.4146,75.11,82,21,8.79
505,Morehead,US,2021-07-26 02:30:37,37.2711,-87.1764,80.31,97,1,0.0
506,Tommot,RU,2021-07-26 02:30:37,58.9564,126.2925,73.29,55,2,5.28
507,Te Anau,NZ,2021-07-26 02:30:38,-45.4167,167.7167,46.33,94,100,1.9
508,Cockburn Town,TC,2021-07-26 02:28:36,21.4612,-71.1419,82.13,83,100,16.49
509,Hartford,US,2021-07-26 02:29:16,41.7668,-72.7662,74.82,93,1,4.61
510,Lukoyanov,RU,2021-07-26 02:30:38,55.0277,44.4786,56.93,69,39,5.21
511,Catumbela,AO,2021-07-26 02:30:39,-12.4314,13.5472,68.72,75,3,2.3
512,Knysna,ZA,2021-07-26 02:30:39,-34.0363,23.0471,64.78,44,84,9.13
513,Concepcion Del Oro,MX,2021-07-26 02:30:40,24.6333,-101.4167,71.31,35,37,10.83
514,Ewa Beach,US,2021-07-26 02:30:40,21.3156,-158.0072,91.35,58,40,11.5
515,Orcopampa,PE,2021-07-26 02:30:40,-15.2661,-72.3417,40.3,46,26,2.84
516,Dongsheng,CN,2021-07-26 02:30:41,39.8161,109.9776,74.23,50,100,15.57
517,Port Moresby,PG,2021-07-26 02:30:41,-9.4431,147.1797,81.82,74,75,11.5
518,Kodinsk,RU,2021-07-26 02:30:41,58.6881,99.1844,83.19,38,100,5.23
519,Qaqortoq,GL,2021-07-26 02:29:09,60.7167,-46.0333,46.9,70,100,1.72
520,Kathu,TH,2021-07-26 02:30:42,7.9178,98.3332,85.82,74,100,10.71
521,Pitsunda,GE,2021-07-26 02:30:42,43.1592,40.3378,71.78,78,3,4.72
522,Tyazhinskiy,RU,2021-07-26 02:30:42,56.116,88.524,72.9,78,100,2.55
523,Usinsk,RU,2021-07-26 02:30:43,65.9939,57.5281,45.95,87,100,9.89
524,Eenhana,NA,2021-07-26 02:30:43,-17.4667,16.3333,56.95,52,0,10.0
525,Kedrovyy,RU,2021-07-26 02:30:43,56.1667,91.8167,72.01,51,51,1.79
526,Saravena,CO,2021-07-26 02:30:44,6.9538,-71.8752,71.04,97,100,2.48
527,Gizo,SB,2021-07-26 02:30:44,-8.103,156.8419,83.48,71,7,2.98
528,Codrington,AU,2021-07-26 02:30:44,-38.2667,141.9667,57.16,85,93,18.16
529,Klyuchevskiy,RU,2021-07-26 02:30:45,53.5317,119.4519,62.62,71,100,9.37
530,Tigil,RU,2021-07-26 02:30:45,57.8,158.6667,72.41,65,84,15.21
531,Praia Da Vitoria,PT,2021-07-26 02:30:45,38.7333,-27.0667,68.76,88,75,11.65
532,Kavaratti,IN,2021-07-26 02:30:46,10.5669,72.642,81.52,79,100,20.47
533,Outjo,NA,2021-07-26 02:30:46,-20.1167,16.15,52.2,52,6,14.05
534,Kenai,US,2021-07-26 02:30:46,60.5544,-151.2583,65.03,80,40,11.5
535,Paita,PE,2021-07-26 02:30:47,-5.0892,-81.1144,66.52,87,13,11.05
536,Axim,GH,2021-07-26 02:30:47,4.8699,-2.2405,74.43,78,39,8.25
537,Salas,ES,2021-07-26 02:30:48,43.4118,-6.2602,60.37,97,33,2.75
538,Tahoua,NE,2021-07-26 02:30:48,14.8888,5.2692,77.99,72,100,9.37
539,Bonavista,CA,2021-07-26 02:30:48,48.6499,-53.1147,56.12,93,8,10.09
540,Dekar,BW,2021-07-26 02:30:49,-21.5333,21.9333,39.6,74,5,8.25
541,Mokhsogollokh,RU,2021-07-26 02:30:49,61.4681,128.9203,79.56,36,0,7.27
542,Kalengwa,ZM,2021-07-26 02:30:49,-13.4659,25.0027,43.12,73,11,5.28
543,Gunjur,GM,2021-07-26 02:30:50,13.2019,-16.7339,77.07,94,75,0.0
544,Salamiyah,SY,2021-07-26 02:30:50,35.0113,37.0532,74.97,68,0,4.07
545,Isla Vista,US,2021-07-26 02:30:50,34.4133,-119.861,75.69,64,1,9.22
546,Zhmerynka,UA,2021-07-26 02:30:51,49.037,28.112,57.85,71,17,7.16
547,Wenling,CN,2021-07-26 02:30:51,28.3669,121.36,80.6,88,100,13.58
548,Gigmoto,PH,2021-07-26 02:30:51,13.7796,124.39,87.37,69,100,13.09
549,Sibolga,ID,2021-07-26 02:30:52,1.7427,98.7792,84.88,65,66,2.73
550,Warah,PK,2021-07-26 02:30:52,27.4481,67.7978,99.27,43,65,13.04
551,Aguimes,ES,2021-07-26 02:30:52,27.9054,-15.4461,69.66,66,20,23.02
552,Saint-Augustin,CA,2021-07-26 02:30:53,51.226,-58.6502,58.03,70,52,6.91
553,Lara,AU,2021-07-26 02:30:53,-38.0167,144.4,60.55,75,90,16.11
554,Ahipara,NZ,2021-07-26 02:30:53,-35.1667,173.1667,57.45,84,77,13.4
555,Saurimo,AO,2021-07-26 02:30:54,-9.6608,20.3916,55.49,48,87,6.44
556,Sao Felix Do Xingu,BR,2021-07-26 02:30:54,-6.6447,-51.995,71.24,52,5,1.9
557,Havelock,US,2021-07-26 02:28:25,34.8791,-76.9013,81.95,87,1,0.0
558,Longyearbyen,SJ,2021-07-26 02:30:55,78.2186,15.6401,44.44,81,75,6.91
559,Henties Bay,NA,2021-07-26 02:30:55,-22.116,14.2845,73.0,33,39,25.21
